site_name,meter_code,reading_date,raw_value,unit_code,category_code,source_file,source_sheet,source_row,note
Government HQ Demo,EM-001,2026-01-01,7327.4,kwh,electricity,synthetic_generator,demo,2,Synthetic demo reading
Government HQ Demo,EM-001,2026-01-02,7830.5,kwh,electricity,synthetic_generator,demo,3,Synthetic demo reading
Government HQ Demo,EM-001,2026-01-03,8222.8,kwh,electricity,synthetic_generator,demo,4,Synthetic demo reading
Government HQ Demo,EM-001,2026-01-04,8537.9,kwh,electricity,synthetic_generator,demo,5,Synthetic demo reading
Government HQ Demo,EM-001,2026-01-05,8758.4,kwh,electricity,synthetic_generator,demo,6,Synthetic demo reading
Government HQ Demo,EM-001,2026-01-06,9150.7,kwh,electricity,synthetic_generator,demo,7,Synthetic demo reading
Government HQ Demo,EM-001,2026-01-07,9406.2,kwh,electricity,synthetic_generator,demo,8,Synthetic demo reading
Government HQ Demo,EM-001,2026-01-08,9734.0,kwh,electricity,synthetic_generator,demo,9,Synthetic demo reading
Government HQ Demo,EM-001,2026-01-09,10034.9,kwh,electricity,synthetic_generator,demo,10,Synthetic demo reading
Government HQ Demo,EM-001,2026-01-10,10479.4,kwh,electricity,synthetic_generator,demo,11,Synthetic demo reading
Government HQ Demo,EM-001,2026-01-11,11046.3,kwh,electricity,synthetic_generator,demo,12,Synthetic demo reading
Government HQ Demo,EM-001,2026-01-12,11574.6,kwh,electricity,synthetic_generator,demo,13,Synthetic demo reading
Government HQ Demo,EM-001,2026-01-13,12034.8,kwh,electricity,synthetic_generator,demo,14,Synthetic demo reading
Government HQ Demo,EM-001,2026-01-14,12432.8,kwh,electricity,synthetic_generator,demo,15,Synthetic demo reading
Government HQ Demo,EM-001,2026-01-15,12826.0,kwh,electricity,synthetic_generator,demo,16,Synthetic demo reading
Government HQ Demo,EM-001,2026-01-16,13211.4,kwh,electricity,synthetic_generator,demo,17,Synthetic demo reading
Government HQ Demo,EM-001,2026-01-17,13673.6,kwh,electricity,synthetic_generator,demo,18,Synthetic demo reading
Government HQ Demo,EM-001,2026-01-18,14197.0,kwh,electricity,synthetic_generator,demo,19,Synthetic demo reading
Government HQ Demo,EM-001,2026-01-19,14659.5,kwh,electricity,synthetic_generator,demo,20,Synthetic demo reading
Government HQ Demo,EM-001,2026-01-20,15054.9,kwh,electricity,synthetic_generator,demo,21,Synthetic demo reading
Government HQ Demo,EM-001,2026-01-21,15577.9,kwh,electricity,synthetic_generator,demo,22,Synthetic demo reading
Government HQ Demo,EM-001,2026-01-22,15970.2,kwh,electricity,synthetic_generator,demo,23,Synthetic demo reading
Government HQ Demo,EM-001,2026-01-23,16348.1,kwh,electricity,synthetic_generator,demo,24,Synthetic demo reading
Government HQ Demo,EM-001,2026-01-24,16729.3,kwh,electricity,synthetic_generator,demo,25,Synthetic demo reading
Government HQ Demo,EM-001,2026-01-25,17093.0,kwh,electricity,synthetic_generator,demo,26,Synthetic demo reading
Government HQ Demo,EM-001,2026-01-26,17392.1,kwh,electricity,synthetic_generator,demo,27,Synthetic demo reading
Government HQ Demo,EM-001,2026-01-27,17785.5,kwh,electricity,synthetic_generator,demo,28,Synthetic demo reading
Government HQ Demo,EM-001,2026-01-28,18233.4,kwh,electricity,synthetic_generator,demo,29,Synthetic demo reading
Government HQ Demo,EM-001,2026-01-29,18537.9,kwh,electricity,synthetic_generator,demo,30,Synthetic demo reading
Government HQ Demo,EM-001,2026-01-30,19061.9,kwh,electricity,synthetic_generator,demo,31,Synthetic demo reading
Government HQ Demo,EM-001,2026-01-31,19487.6,kwh,electricity,synthetic_generator,demo,32,Synthetic demo reading
Government HQ Demo,EM-001,2026-02-01,19903.9,kwh,electricity,synthetic_generator,demo,33,Synthetic demo reading
Government HQ Demo,EM-001,2026-02-02,20385.8,kwh,electricity,synthetic_generator,demo,34,Synthetic demo reading
Government HQ Demo,EM-001,2026-02-03,20866.9,kwh,electricity,synthetic_generator,demo,35,Synthetic demo reading
Government HQ Demo,EM-001,2026-02-04,21282.8,kwh,electricity,synthetic_generator,demo,36,Synthetic demo reading
Government HQ Demo,EM-001,2026-02-05,21693.8,kwh,electricity,synthetic_generator,demo,37,Synthetic demo reading
Government HQ Demo,EM-001,2026-02-06,22015.9,kwh,electricity,synthetic_generator,demo,38,Synthetic demo reading
Government HQ Demo,EM-001,2026-02-07,22473.2,kwh,electricity,synthetic_generator,demo,39,Synthetic demo reading
Government HQ Demo,EM-001,2026-02-08,22827.3,kwh,electricity,synthetic_generator,demo,40,Synthetic demo reading
Government HQ Demo,EM-001,2026-02-09,23417.3,kwh,electricity,synthetic_generator,demo,41,Synthetic demo reading
Government HQ Demo,EM-001,2026-02-10,23937.5,kwh,electricity,synthetic_generator,demo,42,Synthetic demo reading
Government HQ Demo,EM-001,2026-02-11,24348.3,kwh,electricity,synthetic_generator,demo,43,Synthetic demo reading
Government HQ Demo,EM-001,2026-02-12,24699.2,kwh,electricity,synthetic_generator,demo,44,Synthetic demo reading
Government HQ Demo,EM-001,2026-02-13,25058.3,kwh,electricity,synthetic_generator,demo,45,Synthetic demo reading
Government HQ Demo,EM-001,2026-02-14,25615.1,kwh,electricity,synthetic_generator,demo,46,Synthetic demo reading
Government HQ Demo,EM-001,2026-02-15,26098.3,kwh,electricity,synthetic_generator,demo,47,Synthetic demo reading
Government HQ Demo,EM-001,2026-02-16,26599.1,kwh,electricity,synthetic_generator,demo,48,Synthetic demo reading
Government HQ Demo,EM-001,2026-02-17,26904.5,kwh,electricity,synthetic_generator,demo,49,Synthetic demo reading
Government HQ Demo,EM-001,2026-02-18,27473.9,kwh,electricity,synthetic_generator,demo,50,Synthetic demo reading
Government HQ Demo,EM-001,2026-02-19,27901.0,kwh,electricity,synthetic_generator,demo,51,Synthetic demo reading
Government HQ Demo,EM-001,2026-02-20,28400.0,kwh,electricity,synthetic_generator,demo,52,Synthetic demo reading
Government HQ Demo,EM-001,2026-02-21,28782.6,kwh,electricity,synthetic_generator,demo,53,Synthetic demo reading
Government HQ Demo,EM-001,2026-02-22,29223.5,kwh,electricity,synthetic_generator,demo,54,Synthetic demo reading
Government HQ Demo,EM-001,2026-02-23,29462.1,kwh,electricity,synthetic_generator,demo,55,Synthetic demo reading
Government HQ Demo,EM-001,2026-02-24,29786.0,kwh,electricity,synthetic_generator,demo,56,Synthetic demo reading
Government HQ Demo,EM-001,2026-02-25,30189.4,kwh,electricity,synthetic_generator,demo,57,Synthetic demo reading
Government HQ Demo,EM-001,2026-02-26,30681.2,kwh,electricity,synthetic_generator,demo,58,Synthetic demo reading
Government HQ Demo,EM-001,2026-02-27,31080.7,kwh,electricity,synthetic_generator,demo,59,Synthetic demo reading
Government HQ Demo,EM-001,2026-02-28,31584.1,kwh,electricity,synthetic_generator,demo,60,Synthetic demo reading
Government HQ Demo,EM-001,2026-03-01,31905.4,kwh,electricity,synthetic_generator,demo,61,Synthetic demo reading
Government HQ Demo,EM-002,2026-01-01,3823.5,kwh,electricity,synthetic_generator,demo,2,Synthetic demo reading
Government HQ Demo,EM-002,2026-01-02,4060.3,kwh,electricity,synthetic_generator,demo,3,Synthetic demo reading
Government HQ Demo,EM-002,2026-01-03,4382.4,kwh,electricity,synthetic_generator,demo,4,Synthetic demo reading
Government HQ Demo,EM-002,2026-01-04,4895.5,kwh,electricity,synthetic_generator,demo,5,Synthetic demo reading
Government HQ Demo,EM-002,2026-01-05,5416.8,kwh,electricity,synthetic_generator,demo,6,Synthetic demo reading
Government HQ Demo,EM-002,2026-01-06,5750.2,kwh,electricity,synthetic_generator,demo,7,Synthetic demo reading
Government HQ Demo,EM-002,2026-01-07,6134.8,kwh,electricity,synthetic_generator,demo,8,Synthetic demo reading
Government HQ Demo,EM-002,2026-01-08,6472.4,kwh,electricity,synthetic_generator,demo,9,Synthetic demo reading
Government HQ Demo,EM-002,2026-01-09,6961.0,kwh,electricity,synthetic_generator,demo,10,Synthetic demo reading
Government HQ Demo,EM-002,2026-01-10,7406.0,kwh,electricity,synthetic_generator,demo,11,Synthetic demo reading
Government HQ Demo,EM-002,2026-01-11,7709.6,kwh,electricity,synthetic_generator,demo,12,Synthetic demo reading
Government HQ Demo,EM-002,2026-01-12,8238.0,kwh,electricity,synthetic_generator,demo,13,Synthetic demo reading
Government HQ Demo,EM-002,2026-01-13,8753.3,kwh,electricity,synthetic_generator,demo,14,Synthetic demo reading
Government HQ Demo,EM-002,2026-01-14,9186.6,kwh,electricity,synthetic_generator,demo,15,Synthetic demo reading
Government HQ Demo,EM-002,2026-01-15,9561.4,kwh,electricity,synthetic_generator,demo,16,Synthetic demo reading
Government HQ Demo,EM-002,2026-01-16,10050.7,kwh,electricity,synthetic_generator,demo,17,Synthetic demo reading
Government HQ Demo,EM-002,2026-01-17,10487.7,kwh,electricity,synthetic_generator,demo,18,Synthetic demo reading
Government HQ Demo,EM-002,2026-01-18,11004.1,kwh,electricity,synthetic_generator,demo,19,Synthetic demo reading
Government HQ Demo,EM-002,2026-01-19,11380.9,kwh,electricity,synthetic_generator,demo,20,Synthetic demo reading
Government HQ Demo,EM-002,2026-01-20,11771.0,kwh,electricity,synthetic_generator,demo,21,Synthetic demo reading
Government HQ Demo,EM-002,2026-01-21,12068.2,kwh,electricity,synthetic_generator,demo,22,Synthetic demo reading
Government HQ Demo,EM-002,2026-01-22,12558.9,kwh,electricity,synthetic_generator,demo,23,Synthetic demo reading
Government HQ Demo,EM-002,2026-01-23,13089.8,kwh,electricity,synthetic_generator,demo,24,Synthetic demo reading
Government HQ Demo,EM-002,2026-01-24,13622.8,kwh,electricity,synthetic_generator,demo,25,Synthetic demo reading
Government HQ Demo,EM-002,2026-01-25,14007.2,kwh,electricity,synthetic_generator,demo,26,Synthetic demo reading
Government HQ Demo,EM-002,2026-01-26,14394.4,kwh,electricity,synthetic_generator,demo,27,Synthetic demo reading
Government HQ Demo,EM-002,2026-01-27,14910.6,kwh,electricity,synthetic_generator,demo,28,Synthetic demo reading
Government HQ Demo,EM-002,2026-01-28,15427.3,kwh,electricity,synthetic_generator,demo,29,Synthetic demo reading
Government HQ Demo,EM-002,2026-01-29,15957.6,kwh,electricity,synthetic_generator,demo,30,Synthetic demo reading
Government HQ Demo,EM-002,2026-01-30,16289.6,kwh,electricity,synthetic_generator,demo,31,Synthetic demo reading
Government HQ Demo,EM-002,2026-01-31,16674.7,kwh,electricity,synthetic_generator,demo,32,Synthetic demo reading
Government HQ Demo,EM-002,2026-02-01,17061.0,kwh,electricity,synthetic_generator,demo,33,Synthetic demo reading
Government HQ Demo,EM-002,2026-02-02,17537.0,kwh,electricity,synthetic_generator,demo,34,Synthetic demo reading
Government HQ Demo,EM-002,2026-02-03,17990.3,kwh,electricity,synthetic_generator,demo,35,Synthetic demo reading
Government HQ Demo,EM-002,2026-02-04,18359.1,kwh,electricity,synthetic_generator,demo,36,Synthetic demo reading
Government HQ Demo,EM-002,2026-02-05,18794.9,kwh,electricity,synthetic_generator,demo,37,Synthetic demo reading
Government HQ Demo,EM-002,2026-02-06,19293.3,kwh,electricity,synthetic_generator,demo,38,Synthetic demo reading
Government HQ Demo,EM-002,2026-02-07,19764.6,kwh,electricity,synthetic_generator,demo,39,Synthetic demo reading
Government HQ Demo,EM-002,2026-02-08,20189.4,kwh,electricity,synthetic_generator,demo,40,Synthetic demo reading
Government HQ Demo,EM-002,2026-02-09,20615.6,kwh,electricity,synthetic_generator,demo,41,Synthetic demo reading
Government HQ Demo,EM-002,2026-02-10,21118.5,kwh,electricity,synthetic_generator,demo,42,Synthetic demo reading
Government HQ Demo,EM-002,2026-02-11,21475.3,kwh,electricity,synthetic_generator,demo,43,Synthetic demo reading
Government HQ Demo,EM-002,2026-02-12,21831.0,kwh,electricity,synthetic_generator,demo,44,Synthetic demo reading
Government HQ Demo,EM-002,2026-02-13,22254.2,kwh,electricity,synthetic_generator,demo,45,Synthetic demo reading
Government HQ Demo,EM-002,2026-02-14,22767.8,kwh,electricity,synthetic_generator,demo,46,Synthetic demo reading
Government HQ Demo,EM-002,2026-02-15,23180.3,kwh,electricity,synthetic_generator,demo,47,Synthetic demo reading
Government HQ Demo,EM-002,2026-02-16,23607.6,kwh,electricity,synthetic_generator,demo,48,Synthetic demo reading
Government HQ Demo,EM-002,2026-02-17,24209.5,kwh,electricity,synthetic_generator,demo,49,Synthetic demo reading
Government HQ Demo,EM-002,2026-02-18,24599.4,kwh,electricity,synthetic_generator,demo,50,Synthetic demo reading
Government HQ Demo,EM-002,2026-02-19,25107.8,kwh,electricity,synthetic_generator,demo,51,Synthetic demo reading
Government HQ Demo,EM-002,2026-02-20,25391.6,kwh,electricity,synthetic_generator,demo,52,Synthetic demo reading
Government HQ Demo,EM-002,2026-02-21,25744.9,kwh,electricity,synthetic_generator,demo,53,Synthetic demo reading
Government HQ Demo,EM-002,2026-02-22,26233.2,kwh,electricity,synthetic_generator,demo,54,Synthetic demo reading
Government HQ Demo,EM-002,2026-02-23,26655.1,kwh,electricity,synthetic_generator,demo,55,Synthetic demo reading
Government HQ Demo,EM-002,2026-02-24,27000.5,kwh,electricity,synthetic_generator,demo,56,Synthetic demo reading
Government HQ Demo,EM-002,2026-02-25,27263.6,kwh,electricity,synthetic_generator,demo,57,Synthetic demo reading
Government HQ Demo,EM-002,2026-02-26,27736.3,kwh,electricity,synthetic_generator,demo,58,Synthetic demo reading
Government HQ Demo,EM-002,2026-02-27,28281.3,kwh,electricity,synthetic_generator,demo,59,Synthetic demo reading
Government HQ Demo,EM-002,2026-02-28,28676.8,kwh,electricity,synthetic_generator,demo,60,Synthetic demo reading
Government HQ Demo,EM-002,2026-03-01,29142.8,kwh,electricity,synthetic_generator,demo,61,Synthetic demo reading
Government HQ Demo,EM-003,2026-01-01,3209.6,kwh,electricity,synthetic_generator,demo,2,Synthetic demo reading
Government HQ Demo,EM-003,2026-01-02,3599.5,kwh,electricity,synthetic_generator,demo,3,Synthetic demo reading
Government HQ Demo,EM-003,2026-01-03,4012.5,kwh,electricity,synthetic_generator,demo,4,Synthetic demo reading
Government HQ Demo,EM-003,2026-01-04,4518.5,kwh,electricity,synthetic_generator,demo,5,Synthetic demo reading
Government HQ Demo,EM-003,2026-01-05,5014.7,kwh,electricity,synthetic_generator,demo,6,Synthetic demo reading
Government HQ Demo,EM-003,2026-01-06,5363.1,kwh,electricity,synthetic_generator,demo,7,Synthetic demo reading
Government HQ Demo,EM-003,2026-01-07,5799.8,kwh,electricity,synthetic_generator,demo,8,Synthetic demo reading
Government HQ Demo,EM-003,2026-01-08,6394.0,kwh,electricity,synthetic_generator,demo,9,Synthetic demo reading
Government HQ Demo,EM-003,2026-01-09,6747.6,kwh,electricity,synthetic_generator,demo,10,Synthetic demo reading
Government HQ Demo,EM-003,2026-01-10,7258.8,kwh,electricity,synthetic_generator,demo,11,Synthetic demo reading
Government HQ Demo,EM-003,2026-01-11,7667.5,kwh,electricity,synthetic_generator,demo,12,Synthetic demo reading
Government HQ Demo,EM-003,2026-01-12,7885.9,kwh,electricity,synthetic_generator,demo,13,Synthetic demo reading
Government HQ Demo,EM-003,2026-01-13,8320.8,kwh,electricity,synthetic_generator,demo,14,Synthetic demo reading
Government HQ Demo,EM-003,2026-01-14,8748.1,kwh,electricity,synthetic_generator,demo,15,Synthetic demo reading
Government HQ Demo,EM-003,2026-01-15,9032.2,kwh,electricity,synthetic_generator,demo,16,Synthetic demo reading
Government HQ Demo,EM-003,2026-01-16,9402.8,kwh,electricity,synthetic_generator,demo,17,Synthetic demo reading
Government HQ Demo,EM-003,2026-01-17,9704.2,kwh,electricity,synthetic_generator,demo,18,Synthetic demo reading
Government HQ Demo,EM-003,2026-01-18,10187.8,kwh,electricity,synthetic_generator,demo,19,Synthetic demo reading
Government HQ Demo,EM-003,2026-01-19,10503.3,kwh,electricity,synthetic_generator,demo,20,Synthetic demo reading
Government HQ Demo,EM-003,2026-01-20,10822.0,kwh,electricity,synthetic_generator,demo,21,Synthetic demo reading
Government HQ Demo,EM-003,2026-01-21,11316.1,kwh,electricity,synthetic_generator,demo,22,Synthetic demo reading
Government HQ Demo,EM-003,2026-01-22,11745.0,kwh,electricity,synthetic_generator,demo,23,Synthetic demo reading
Government HQ Demo,EM-003,2026-01-23,12168.4,kwh,electricity,synthetic_generator,demo,24,Synthetic demo reading
Government HQ Demo,EM-003,2026-01-24,12616.4,kwh,electricity,synthetic_generator,demo,25,Synthetic demo reading
Government HQ Demo,EM-003,2026-01-25,13048.1,kwh,electricity,synthetic_generator,demo,26,Synthetic demo reading
Government HQ Demo,EM-003,2026-01-26,13543.7,kwh,electricity,synthetic_generator,demo,27,Synthetic demo reading
Government HQ Demo,EM-003,2026-01-27,13951.1,kwh,electricity,synthetic_generator,demo,28,Synthetic demo reading
Government HQ Demo,EM-003,2026-01-28,14175.0,kwh,electricity,synthetic_generator,demo,29,Synthetic demo reading
Government HQ Demo,EM-003,2026-01-29,14532.0,kwh,electricity,synthetic_generator,demo,30,Synthetic demo reading
Government HQ Demo,EM-003,2026-01-30,14926.8,kwh,electricity,synthetic_generator,demo,31,Synthetic demo reading
Government HQ Demo,EM-003,2026-01-31,15372.1,kwh,electricity,synthetic_generator,demo,32,Synthetic demo reading
Government HQ Demo,EM-003,2026-02-01,15796.1,kwh,electricity,synthetic_generator,demo,33,Synthetic demo reading
Government HQ Demo,EM-003,2026-02-02,16108.4,kwh,electricity,synthetic_generator,demo,34,Synthetic demo reading
Government HQ Demo,EM-003,2026-02-03,16397.7,kwh,electricity,synthetic_generator,demo,35,Synthetic demo reading
Government HQ Demo,EM-003,2026-02-04,16881.0,kwh,electricity,synthetic_generator,demo,36,Synthetic demo reading
Government HQ Demo,EM-003,2026-02-05,17278.7,kwh,electricity,synthetic_generator,demo,37,Synthetic demo reading
Government HQ Demo,EM-003,2026-02-06,17743.6,kwh,electricity,synthetic_generator,demo,38,Synthetic demo reading
Government HQ Demo,EM-003,2026-02-07,18176.4,kwh,electricity,synthetic_generator,demo,39,Synthetic demo reading
Government HQ Demo,EM-003,2026-02-08,18708.0,kwh,electricity,synthetic_generator,demo,40,Synthetic demo reading
Government HQ Demo,EM-003,2026-02-09,19079.9,kwh,electricity,synthetic_generator,demo,41,Synthetic demo reading
Government HQ Demo,EM-003,2026-02-10,19463.9,kwh,electricity,synthetic_generator,demo,42,Synthetic demo reading
Government HQ Demo,EM-003,2026-02-11,19901.3,kwh,electricity,synthetic_generator,demo,43,Synthetic demo reading
Government HQ Demo,EM-003,2026-02-12,20326.8,kwh,electricity,synthetic_generator,demo,44,Synthetic demo reading
Government HQ Demo,EM-003,2026-02-13,20648.6,kwh,electricity,synthetic_generator,demo,45,Synthetic demo reading
Government HQ Demo,EM-003,2026-02-14,21083.4,kwh,electricity,synthetic_generator,demo,46,Synthetic demo reading
Government HQ Demo,EM-003,2026-02-15,21493.8,kwh,electricity,synthetic_generator,demo,47,Synthetic demo reading
Government HQ Demo,EM-003,2026-02-16,21813.3,kwh,electricity,synthetic_generator,demo,48,Synthetic demo reading
Government HQ Demo,EM-003,2026-02-17,22221.2,kwh,electricity,synthetic_generator,demo,49,Synthetic demo reading
Government HQ Demo,EM-003,2026-02-18,22708.6,kwh,electricity,synthetic_generator,demo,50,Synthetic demo reading
Government HQ Demo,EM-003,2026-02-19,23208.3,kwh,electricity,synthetic_generator,demo,51,Synthetic demo reading
Government HQ Demo,EM-003,2026-02-20,23565.5,kwh,electricity,synthetic_generator,demo,52,Synthetic demo reading
Government HQ Demo,EM-003,2026-02-21,24054.6,kwh,electricity,synthetic_generator,demo,53,Synthetic demo reading
Government HQ Demo,EM-003,2026-02-22,24584.6,kwh,electricity,synthetic_generator,demo,54,Synthetic demo reading
Government HQ Demo,EM-003,2026-02-23,24975.0,kwh,electricity,synthetic_generator,demo,55,Synthetic demo reading
Government HQ Demo,EM-003,2026-02-24,25415.4,kwh,electricity,synthetic_generator,demo,56,Synthetic demo reading
Government HQ Demo,EM-003,2026-02-25,25775.9,kwh,electricity,synthetic_generator,demo,57,Synthetic demo reading
Government HQ Demo,EM-003,2026-02-26,26021.5,kwh,electricity,synthetic_generator,demo,58,Synthetic demo reading
Government HQ Demo,EM-003,2026-02-27,26515.9,kwh,electricity,synthetic_generator,demo,59,Synthetic demo reading
Government HQ Demo,EM-003,2026-02-28,26977.1,kwh,electricity,synthetic_generator,demo,60,Synthetic demo reading
Government HQ Demo,EM-003,2026-03-01,27505.1,kwh,electricity,synthetic_generator,demo,61,Synthetic demo reading
Government HQ Demo,WM-001,2026-01-01,3668.9,m3,water,synthetic_generator,demo,2,Synthetic demo reading
Government HQ Demo,WM-001,2026-01-02,3690.8,m3,water,synthetic_generator,demo,3,Synthetic demo reading
Government HQ Demo,WM-001,2026-01-03,3706.4,m3,water,synthetic_generator,demo,4,Synthetic demo reading
Government HQ Demo,WM-001,2026-01-04,3711.4,m3,water,synthetic_generator,demo,5,Synthetic demo reading
Government HQ Demo,WM-001,2026-01-05,3733.0,m3,water,synthetic_generator,demo,6,Synthetic demo reading
Government HQ Demo,WM-001,2026-01-06,3756.4,m3,water,synthetic_generator,demo,7,Synthetic demo reading
Government HQ Demo,WM-001,2026-01-07,3774.5,m3,water,synthetic_generator,demo,8,Synthetic demo reading
Government HQ Demo,WM-001,2026-01-08,3790.8,m3,water,synthetic_generator,demo,9,Synthetic demo reading
Government HQ Demo,WM-001,2026-01-09,3813.6,m3,water,synthetic_generator,demo,10,Synthetic demo reading
Government HQ Demo,WM-001,2026-01-10,3840.8,m3,water,synthetic_generator,demo,11,Synthetic demo reading
Government HQ Demo,WM-001,2026-01-11,3853.0,m3,water,synthetic_generator,demo,12,Synthetic demo reading
Government HQ Demo,WM-001,2026-01-12,3872.7,m3,water,synthetic_generator,demo,13,Synthetic demo reading
Government HQ Demo,WM-001,2026-01-13,3889.6,m3,water,synthetic_generator,demo,14,Synthetic demo reading
Government HQ Demo,WM-001,2026-01-14,3900.7,m3,water,synthetic_generator,demo,15,Synthetic demo reading
Government HQ Demo,WM-001,2026-01-15,3916.5,m3,water,synthetic_generator,demo,16,Synthetic demo reading
Government HQ Demo,WM-001,2026-01-16,3933.8,m3,water,synthetic_generator,demo,17,Synthetic demo reading
Government HQ Demo,WM-001,2026-01-17,3945.6,m3,water,synthetic_generator,demo,18,Synthetic demo reading
Government HQ Demo,WM-001,2026-01-18,3972.4,m3,water,synthetic_generator,demo,19,Synthetic demo reading
Government HQ Demo,WM-001,2026-01-19,4000.5,m3,water,synthetic_generator,demo,20,Synthetic demo reading
Government HQ Demo,WM-001,2026-01-20,4029.7,m3,water,synthetic_generator,demo,21,Synthetic demo reading
Government HQ Demo,WM-001,2026-01-21,4042.9,m3,water,synthetic_generator,demo,22,Synthetic demo reading
Government HQ Demo,WM-001,2026-01-22,4059.1,m3,water,synthetic_generator,demo,23,Synthetic demo reading
Government HQ Demo,WM-001,2026-01-23,4082.1,m3,water,synthetic_generator,demo,24,Synthetic demo reading
Government HQ Demo,WM-001,2026-01-24,4092.2,m3,water,synthetic_generator,demo,25,Synthetic demo reading
Government HQ Demo,WM-001,2026-01-25,4106.4,m3,water,synthetic_generator,demo,26,Synthetic demo reading
Government HQ Demo,WM-001,2026-01-26,4126.3,m3,water,synthetic_generator,demo,27,Synthetic demo reading
Government HQ Demo,WM-001,2026-01-27,4136.6,m3,water,synthetic_generator,demo,28,Synthetic demo reading
Government HQ Demo,WM-001,2026-01-28,4149.9,m3,water,synthetic_generator,demo,29,Synthetic demo reading
Government HQ Demo,WM-001,2026-01-29,4164.0,m3,water,synthetic_generator,demo,30,Synthetic demo reading
Government HQ Demo,WM-001,2026-01-30,4177.6,m3,water,synthetic_generator,demo,31,Synthetic demo reading
Government HQ Demo,WM-001,2026-01-31,4198.3,m3,water,synthetic_generator,demo,32,Synthetic demo reading
Government HQ Demo,WM-001,2026-02-01,4216.9,m3,water,synthetic_generator,demo,33,Synthetic demo reading
Government HQ Demo,WM-001,2026-02-02,4230.4,m3,water,synthetic_generator,demo,34,Synthetic demo reading
Government HQ Demo,WM-001,2026-02-03,4253.4,m3,water,synthetic_generator,demo,35,Synthetic demo reading
Government HQ Demo,WM-001,2026-02-04,4260.7,m3,water,synthetic_generator,demo,36,Synthetic demo reading
Government HQ Demo,WM-001,2026-02-05,4284.6,m3,water,synthetic_generator,demo,37,Synthetic demo reading
Government HQ Demo,WM-001,2026-02-06,4310.2,m3,water,synthetic_generator,demo,38,Synthetic demo reading
Government HQ Demo,WM-001,2026-02-07,4338.0,m3,water,synthetic_generator,demo,39,Synthetic demo reading
Government HQ Demo,WM-001,2026-02-08,4352.2,m3,water,synthetic_generator,demo,40,Synthetic demo reading
Government HQ Demo,WM-001,2026-02-09,4372.6,m3,water,synthetic_generator,demo,41,Synthetic demo reading
Government HQ Demo,WM-001,2026-02-10,4381.7,m3,water,synthetic_generator,demo,42,Synthetic demo reading
Government HQ Demo,WM-001,2026-02-11,4410.1,m3,water,synthetic_generator,demo,43,Synthetic demo reading
Government HQ Demo,WM-001,2026-02-12,4422.4,m3,water,synthetic_generator,demo,44,Synthetic demo reading
Government HQ Demo,WM-001,2026-02-13,4440.3,m3,water,synthetic_generator,demo,45,Synthetic demo reading
Government HQ Demo,WM-001,2026-02-14,4457.5,m3,water,synthetic_generator,demo,46,Synthetic demo reading
Government HQ Demo,WM-001,2026-02-15,4475.5,m3,water,synthetic_generator,demo,47,Synthetic demo reading
Government HQ Demo,WM-001,2026-02-16,4493.3,m3,water,synthetic_generator,demo,48,Synthetic demo reading
Government HQ Demo,WM-001,2026-02-17,4508.9,m3,water,synthetic_generator,demo,49,Synthetic demo reading
Government HQ Demo,WM-001,2026-02-18,4532.4,m3,water,synthetic_generator,demo,50,Synthetic demo reading
Government HQ Demo,WM-001,2026-02-19,4557.6,m3,water,synthetic_generator,demo,51,Synthetic demo reading
Government HQ Demo,WM-001,2026-02-20,4571.3,m3,water,synthetic_generator,demo,52,Synthetic demo reading
Government HQ Demo,WM-001,2026-02-21,4593.1,m3,water,synthetic_generator,demo,53,Synthetic demo reading
Government HQ Demo,WM-001,2026-02-22,4612.4,m3,water,synthetic_generator,demo,54,Synthetic demo reading
Government HQ Demo,WM-001,2026-02-23,4638.6,m3,water,synthetic_generator,demo,55,Synthetic demo reading
Government HQ Demo,WM-001,2026-02-24,4650.7,m3,water,synthetic_generator,demo,56,Synthetic demo reading
Government HQ Demo,WM-001,2026-02-25,4667.3,m3,water,synthetic_generator,demo,57,Synthetic demo reading
Government HQ Demo,WM-001,2026-02-26,4686.0,m3,water,synthetic_generator,demo,58,Synthetic demo reading
Government HQ Demo,WM-001,2026-02-27,4698.1,m3,water,synthetic_generator,demo,59,Synthetic demo reading
Government HQ Demo,WM-001,2026-02-28,4715.9,m3,water,synthetic_generator,demo,60,Synthetic demo reading
Government HQ Demo,WM-001,2026-03-01,4731.0,m3,water,synthetic_generator,demo,61,Synthetic demo reading
Government HQ Demo,WM-002,2026-01-01,8201.1,m3,water,synthetic_generator,demo,2,Synthetic demo reading
Government HQ Demo,WM-002,2026-01-02,8223.3,m3,water,synthetic_generator,demo,3,Synthetic demo reading
Government HQ Demo,WM-002,2026-01-03,8245.4,m3,water,synthetic_generator,demo,4,Synthetic demo reading
Government HQ Demo,WM-002,2026-01-04,8261.3,m3,water,synthetic_generator,demo,5,Synthetic demo reading
Government HQ Demo,WM-002,2026-01-05,8276.4,m3,water,synthetic_generator,demo,6,Synthetic demo reading
Government HQ Demo,WM-002,2026-01-06,8291.4,m3,water,synthetic_generator,demo,7,Synthetic demo reading
Government HQ Demo,WM-002,2026-01-07,8302.4,m3,water,synthetic_generator,demo,8,Synthetic demo reading
Government HQ Demo,WM-002,2026-01-08,8321.0,m3,water,synthetic_generator,demo,9,Synthetic demo reading
Government HQ Demo,WM-002,2026-01-09,8337.3,m3,water,synthetic_generator,demo,10,Synthetic demo reading
Government HQ Demo,WM-002,2026-01-10,8350.6,m3,water,synthetic_generator,demo,11,Synthetic demo reading
Government HQ Demo,WM-002,2026-01-11,8370.8,m3,water,synthetic_generator,demo,12,Synthetic demo reading
Government HQ Demo,WM-002,2026-01-12,8381.4,m3,water,synthetic_generator,demo,13,Synthetic demo reading
Government HQ Demo,WM-002,2026-01-13,8400.5,m3,water,synthetic_generator,demo,14,Synthetic demo reading
Government HQ Demo,WM-002,2026-01-14,8414.9,m3,water,synthetic_generator,demo,15,Synthetic demo reading
Government HQ Demo,WM-002,2026-01-15,8435.2,m3,water,synthetic_generator,demo,16,Synthetic demo reading
Government HQ Demo,WM-002,2026-01-16,8455.2,m3,water,synthetic_generator,demo,17,Synthetic demo reading
Government HQ Demo,WM-002,2026-01-17,8472.0,m3,water,synthetic_generator,demo,18,Synthetic demo reading
Government HQ Demo,WM-002,2026-01-18,8474.3,m3,water,synthetic_generator,demo,19,Synthetic demo reading
Government HQ Demo,WM-002,2026-01-19,8504.4,m3,water,synthetic_generator,demo,20,Synthetic demo reading
Government HQ Demo,WM-002,2026-01-20,8521.0,m3,water,synthetic_generator,demo,21,Synthetic demo reading
Government HQ Demo,WM-002,2026-01-21,8532.1,m3,water,synthetic_generator,demo,22,Synthetic demo reading
Government HQ Demo,WM-002,2026-01-22,8551.3,m3,water,synthetic_generator,demo,23,Synthetic demo reading
Government HQ Demo,WM-002,2026-01-23,8570.0,m3,water,synthetic_generator,demo,24,Synthetic demo reading
Government HQ Demo,WM-002,2026-01-24,8595.2,m3,water,synthetic_generator,demo,25,Synthetic demo reading
Government HQ Demo,WM-002,2026-01-25,8605.5,m3,water,synthetic_generator,demo,26,Synthetic demo reading
Government HQ Demo,WM-002,2026-01-26,8622.4,m3,water,synthetic_generator,demo,27,Synthetic demo reading
Government HQ Demo,WM-002,2026-01-27,8635.2,m3,water,synthetic_generator,demo,28,Synthetic demo reading
Government HQ Demo,WM-002,2026-01-28,8657.3,m3,water,synthetic_generator,demo,29,Synthetic demo reading
Government HQ Demo,WM-002,2026-01-29,8680.7,m3,water,synthetic_generator,demo,30,Synthetic demo reading
Government HQ Demo,WM-002,2026-01-30,8695.2,m3,water,synthetic_generator,demo,31,Synthetic demo reading
Government HQ Demo,WM-002,2026-01-31,8698.8,m3,water,synthetic_generator,demo,32,Synthetic demo reading
Government HQ Demo,WM-002,2026-02-01,8708.9,m3,water,synthetic_generator,demo,33,Synthetic demo reading
Government HQ Demo,WM-002,2026-02-02,8732.2,m3,water,synthetic_generator,demo,34,Synthetic demo reading
Government HQ Demo,WM-002,2026-02-03,8745.8,m3,water,synthetic_generator,demo,35,Synthetic demo reading
Government HQ Demo,WM-002,2026-02-04,8757.6,m3,water,synthetic_generator,demo,36,Synthetic demo reading
Government HQ Demo,WM-002,2026-02-05,8784.4,m3,water,synthetic_generator,demo,37,Synthetic demo reading
Government HQ Demo,WM-002,2026-02-06,8803.6,m3,water,synthetic_generator,demo,38,Synthetic demo reading
Government HQ Demo,WM-002,2026-02-07,8819.0,m3,water,synthetic_generator,demo,39,Synthetic demo reading
Government HQ Demo,WM-002,2026-02-08,8844.8,m3,water,synthetic_generator,demo,40,Synthetic demo reading
Government HQ Demo,WM-002,2026-02-09,8867.9,m3,water,synthetic_generator,demo,41,Synthetic demo reading
Government HQ Demo,WM-002,2026-02-10,8882.5,m3,water,synthetic_generator,demo,42,Synthetic demo reading
Government HQ Demo,WM-002,2026-02-11,8893.8,m3,water,synthetic_generator,demo,43,Synthetic demo reading
Government HQ Demo,WM-002,2026-02-12,8923.7,m3,water,synthetic_generator,demo,44,Synthetic demo reading
Government HQ Demo,WM-002,2026-02-13,8942.5,m3,water,synthetic_generator,demo,45,Synthetic demo reading
Government HQ Demo,WM-002,2026-02-14,8956.0,m3,water,synthetic_generator,demo,46,Synthetic demo reading
Government HQ Demo,WM-002,2026-02-15,8971.5,m3,water,synthetic_generator,demo,47,Synthetic demo reading
Government HQ Demo,WM-002,2026-02-16,8989.3,m3,water,synthetic_generator,demo,48,Synthetic demo reading
Government HQ Demo,WM-002,2026-02-17,9014.1,m3,water,synthetic_generator,demo,49,Synthetic demo reading
Government HQ Demo,WM-002,2026-02-18,9027.3,m3,water,synthetic_generator,demo,50,Synthetic demo reading
Government HQ Demo,WM-002,2026-02-19,9044.7,m3,water,synthetic_generator,demo,51,Synthetic demo reading
Government HQ Demo,WM-002,2026-02-20,9064.2,m3,water,synthetic_generator,demo,52,Synthetic demo reading
Government HQ Demo,WM-002,2026-02-21,9075.9,m3,water,synthetic_generator,demo,53,Synthetic demo reading
Government HQ Demo,WM-002,2026-02-22,9099.3,m3,water,synthetic_generator,demo,54,Synthetic demo reading
Government HQ Demo,WM-002,2026-02-23,9118.6,m3,water,synthetic_generator,demo,55,Synthetic demo reading
Government HQ Demo,WM-002,2026-02-24,9139.7,m3,water,synthetic_generator,demo,56,Synthetic demo reading
Government HQ Demo,WM-002,2026-02-25,9157.6,m3,water,synthetic_generator,demo,57,Synthetic demo reading
Government HQ Demo,WM-002,2026-02-26,9172.4,m3,water,synthetic_generator,demo,58,Synthetic demo reading
Government HQ Demo,WM-002,2026-02-27,9186.4,m3,water,synthetic_generator,demo,59,Synthetic demo reading
Government HQ Demo,WM-002,2026-02-28,9207.4,m3,water,synthetic_generator,demo,60,Synthetic demo reading
Government HQ Demo,WM-002,2026-03-01,9227.5,m3,water,synthetic_generator,demo,61,Synthetic demo reading
Government HQ Demo,WM-003,2026-01-01,7918.0,m3,water,synthetic_generator,demo,2,Synthetic demo reading
Government HQ Demo,WM-003,2026-01-02,7937.1,m3,water,synthetic_generator,demo,3,Synthetic demo reading
Government HQ Demo,WM-003,2026-01-03,7953.8,m3,water,synthetic_generator,demo,4,Synthetic demo reading
Government HQ Demo,WM-003,2026-01-04,7969.7,m3,water,synthetic_generator,demo,5,Synthetic demo reading
Government HQ Demo,WM-003,2026-01-05,7987.5,m3,water,synthetic_generator,demo,6,Synthetic demo reading
Government HQ Demo,WM-003,2026-01-06,8004.6,m3,water,synthetic_generator,demo,7,Synthetic demo reading
Government HQ Demo,WM-003,2026-01-07,8032.1,m3,water,synthetic_generator,demo,8,Synthetic demo reading
Government HQ Demo,WM-003,2026-01-08,8044.7,m3,water,synthetic_generator,demo,9,Synthetic demo reading
Government HQ Demo,WM-003,2026-01-09,8069.0,m3,water,synthetic_generator,demo,10,Synthetic demo reading
Government HQ Demo,WM-003,2026-01-10,8099.9,m3,water,synthetic_generator,demo,11,Synthetic demo reading
Government HQ Demo,WM-003,2026-01-11,8115.9,m3,water,synthetic_generator,demo,12,Synthetic demo reading
Government HQ Demo,WM-003,2026-01-12,8140.7,m3,water,synthetic_generator,demo,13,Synthetic demo reading
Government HQ Demo,WM-003,2026-01-13,8162.7,m3,water,synthetic_generator,demo,14,Synthetic demo reading
Government HQ Demo,WM-003,2026-01-14,8174.6,m3,water,synthetic_generator,demo,15,Synthetic demo reading
Government HQ Demo,WM-003,2026-01-15,8193.6,m3,water,synthetic_generator,demo,16,Synthetic demo reading
Government HQ Demo,WM-003,2026-01-16,8214.2,m3,water,synthetic_generator,demo,17,Synthetic demo reading
Government HQ Demo,WM-003,2026-01-17,8236.0,m3,water,synthetic_generator,demo,18,Synthetic demo reading
Government HQ Demo,WM-003,2026-01-18,8252.7,m3,water,synthetic_generator,demo,19,Synthetic demo reading
Government HQ Demo,WM-003,2026-01-19,8276.4,m3,water,synthetic_generator,demo,20,Synthetic demo reading
Government HQ Demo,WM-003,2026-01-20,8299.9,m3,water,synthetic_generator,demo,21,Synthetic demo reading
Government HQ Demo,WM-003,2026-01-21,8319.0,m3,water,synthetic_generator,demo,22,Synthetic demo reading
Government HQ Demo,WM-003,2026-01-22,8335.3,m3,water,synthetic_generator,demo,23,Synthetic demo reading
Government HQ Demo,WM-003,2026-01-23,8347.9,m3,water,synthetic_generator,demo,24,Synthetic demo reading
Government HQ Demo,WM-003,2026-01-24,8371.7,m3,water,synthetic_generator,demo,25,Synthetic demo reading
Government HQ Demo,WM-003,2026-01-25,8391.8,m3,water,synthetic_generator,demo,26,Synthetic demo reading
Government HQ Demo,WM-003,2026-01-26,8414.5,m3,water,synthetic_generator,demo,27,Synthetic demo reading
Government HQ Demo,WM-003,2026-01-27,8431.0,m3,water,synthetic_generator,demo,28,Synthetic demo reading
Government HQ Demo,WM-003,2026-01-28,8445.2,m3,water,synthetic_generator,demo,29,Synthetic demo reading
Government HQ Demo,WM-003,2026-01-29,8464.4,m3,water,synthetic_generator,demo,30,Synthetic demo reading
Government HQ Demo,WM-003,2026-01-30,8482.4,m3,water,synthetic_generator,demo,31,Synthetic demo reading
Government HQ Demo,WM-003,2026-01-31,8497.4,m3,water,synthetic_generator,demo,32,Synthetic demo reading
Government HQ Demo,WM-003,2026-02-01,8517.8,m3,water,synthetic_generator,demo,33,Synthetic demo reading
Government HQ Demo,WM-003,2026-02-02,8531.1,m3,water,synthetic_generator,demo,34,Synthetic demo reading
Government HQ Demo,WM-003,2026-02-03,8556.7,m3,water,synthetic_generator,demo,35,Synthetic demo reading
Government HQ Demo,WM-003,2026-02-04,8577.3,m3,water,synthetic_generator,demo,36,Synthetic demo reading
Government HQ Demo,WM-003,2026-02-05,8597.4,m3,water,synthetic_generator,demo,37,Synthetic demo reading
Government HQ Demo,WM-003,2026-02-06,8615.8,m3,water,synthetic_generator,demo,38,Synthetic demo reading
Government HQ Demo,WM-003,2026-02-07,8639.8,m3,water,synthetic_generator,demo,39,Synthetic demo reading
Government HQ Demo,WM-003,2026-02-08,8663.9,m3,water,synthetic_generator,demo,40,Synthetic demo reading
Government HQ Demo,WM-003,2026-02-09,8681.5,m3,water,synthetic_generator,demo,41,Synthetic demo reading
Government HQ Demo,WM-003,2026-02-10,8697.7,m3,water,synthetic_generator,demo,42,Synthetic demo reading
Government HQ Demo,WM-003,2026-02-11,8723.4,m3,water,synthetic_generator,demo,43,Synthetic demo reading
Government HQ Demo,WM-003,2026-02-12,8744.1,m3,water,synthetic_generator,demo,44,Synthetic demo reading
Government HQ Demo,WM-003,2026-02-13,8756.9,m3,water,synthetic_generator,demo,45,Synthetic demo reading
Government HQ Demo,WM-003,2026-02-14,8774.1,m3,water,synthetic_generator,demo,46,Synthetic demo reading
Government HQ Demo,WM-003,2026-02-15,8786.2,m3,water,synthetic_generator,demo,47,Synthetic demo reading
Government HQ Demo,WM-003,2026-02-16,8798.0,m3,water,synthetic_generator,demo,48,Synthetic demo reading
Government HQ Demo,WM-003,2026-02-17,8814.6,m3,water,synthetic_generator,demo,49,Synthetic demo reading
Government HQ Demo,WM-003,2026-02-18,8834.7,m3,water,synthetic_generator,demo,50,Synthetic demo reading
Government HQ Demo,WM-003,2026-02-19,8857.3,m3,water,synthetic_generator,demo,51,Synthetic demo reading
Government HQ Demo,WM-003,2026-02-20,8877.6,m3,water,synthetic_generator,demo,52,Synthetic demo reading
Government HQ Demo,WM-003,2026-02-21,8893.3,m3,water,synthetic_generator,demo,53,Synthetic demo reading
Government HQ Demo,WM-003,2026-02-22,8918.7,m3,water,synthetic_generator,demo,54,Synthetic demo reading
Government HQ Demo,WM-003,2026-02-23,8929.8,m3,water,synthetic_generator,demo,55,Synthetic demo reading
Government HQ Demo,WM-003,2026-02-24,8942.1,m3,water,synthetic_generator,demo,56,Synthetic demo reading
Government HQ Demo,WM-003,2026-02-25,8956.6,m3,water,synthetic_generator,demo,57,Synthetic demo reading
Government HQ Demo,WM-003,2026-02-26,8980.4,m3,water,synthetic_generator,demo,58,Synthetic demo reading
Government HQ Demo,WM-003,2026-02-27,9000.3,m3,water,synthetic_generator,demo,59,Synthetic demo reading
Government HQ Demo,WM-003,2026-02-28,9021.0,m3,water,synthetic_generator,demo,60,Synthetic demo reading
Government HQ Demo,WM-003,2026-03-01,9035.7,m3,water,synthetic_generator,demo,61,Synthetic demo reading
Government HQ Demo,BTU-001,2026-01-01,6567.3,gj,cooling,synthetic_generator,demo,2,Synthetic demo reading
Government HQ Demo,BTU-001,2026-01-02,6586.1,gj,cooling,synthetic_generator,demo,3,Synthetic demo reading
Government HQ Demo,BTU-001,2026-01-03,6605.5,gj,cooling,synthetic_generator,demo,4,Synthetic demo reading
Government HQ Demo,BTU-001,2026-01-04,6621.7,gj,cooling,synthetic_generator,demo,5,Synthetic demo reading
Government HQ Demo,BTU-001,2026-01-05,6641.9,gj,cooling,synthetic_generator,demo,6,Synthetic demo reading
Government HQ Demo,BTU-001,2026-01-06,6668.2,gj,cooling,synthetic_generator,demo,7,Synthetic demo reading
Government HQ Demo,BTU-001,2026-01-07,6689.9,gj,cooling,synthetic_generator,demo,8,Synthetic demo reading
Government HQ Demo,BTU-001,2026-01-08,6718.4,gj,cooling,synthetic_generator,demo,9,Synthetic demo reading
Government HQ Demo,BTU-001,2026-01-09,6741.5,gj,cooling,synthetic_generator,demo,10,Synthetic demo reading
Government HQ Demo,BTU-001,2026-01-10,6766.1,gj,cooling,synthetic_generator,demo,11,Synthetic demo reading
Government HQ Demo,BTU-001,2026-01-11,6784.9,gj,cooling,synthetic_generator,demo,12,Synthetic demo reading
Government HQ Demo,BTU-001,2026-01-12,6813.9,gj,cooling,synthetic_generator,demo,13,Synthetic demo reading
Government HQ Demo,BTU-001,2026-01-13,6849.0,gj,cooling,synthetic_generator,demo,14,Synthetic demo reading
Government HQ Demo,BTU-001,2026-01-14,6890.5,gj,cooling,synthetic_generator,demo,15,Synthetic demo reading
Government HQ Demo,BTU-001,2026-01-15,6909.7,gj,cooling,synthetic_generator,demo,16,Synthetic demo reading
Government HQ Demo,BTU-001,2026-01-16,6934.1,gj,cooling,synthetic_generator,demo,17,Synthetic demo reading
Government HQ Demo,BTU-001,2026-01-17,6966.0,gj,cooling,synthetic_generator,demo,18,Synthetic demo reading
Government HQ Demo,BTU-001,2026-01-18,6978.0,gj,cooling,synthetic_generator,demo,19,Synthetic demo reading
Government HQ Demo,BTU-001,2026-01-19,7001.3,gj,cooling,synthetic_generator,demo,20,Synthetic demo reading
Government HQ Demo,BTU-001,2026-01-20,7027.4,gj,cooling,synthetic_generator,demo,21,Synthetic demo reading
Government HQ Demo,BTU-001,2026-01-21,7043.0,gj,cooling,synthetic_generator,demo,22,Synthetic demo reading
Government HQ Demo,BTU-001,2026-01-22,7061.7,gj,cooling,synthetic_generator,demo,23,Synthetic demo reading
Government HQ Demo,BTU-001,2026-01-23,7085.1,gj,cooling,synthetic_generator,demo,24,Synthetic demo reading
Government HQ Demo,BTU-001,2026-01-24,7113.4,gj,cooling,synthetic_generator,demo,25,Synthetic demo reading
Government HQ Demo,BTU-001,2026-01-25,7123.2,gj,cooling,synthetic_generator,demo,26,Synthetic demo reading
Government HQ Demo,BTU-001,2026-01-26,7152.1,gj,cooling,synthetic_generator,demo,27,Synthetic demo reading
Government HQ Demo,BTU-001,2026-01-27,7175.1,gj,cooling,synthetic_generator,demo,28,Synthetic demo reading
Government HQ Demo,BTU-001,2026-01-28,7209.9,gj,cooling,synthetic_generator,demo,29,Synthetic demo reading
Government HQ Demo,BTU-001,2026-01-29,7239.1,gj,cooling,synthetic_generator,demo,30,Synthetic demo reading
Government HQ Demo,BTU-001,2026-01-30,7267.9,gj,cooling,synthetic_generator,demo,31,Synthetic demo reading
Government HQ Demo,BTU-001,2026-01-31,7296.4,gj,cooling,synthetic_generator,demo,32,Synthetic demo reading
Government HQ Demo,BTU-001,2026-02-01,7315.3,gj,cooling,synthetic_generator,demo,33,Synthetic demo reading
Government HQ Demo,BTU-001,2026-02-02,7340.6,gj,cooling,synthetic_generator,demo,34,Synthetic demo reading
Government HQ Demo,BTU-001,2026-02-03,7362.3,gj,cooling,synthetic_generator,demo,35,Synthetic demo reading
Government HQ Demo,BTU-001,2026-02-04,7385.7,gj,cooling,synthetic_generator,demo,36,Synthetic demo reading
Government HQ Demo,BTU-001,2026-02-05,7406.7,gj,cooling,synthetic_generator,demo,37,Synthetic demo reading
Government HQ Demo,BTU-001,2026-02-06,7437.9,gj,cooling,synthetic_generator,demo,38,Synthetic demo reading
Government HQ Demo,BTU-001,2026-02-07,7456.1,gj,cooling,synthetic_generator,demo,39,Synthetic demo reading
Government HQ Demo,BTU-001,2026-02-08,7480.4,gj,cooling,synthetic_generator,demo,40,Synthetic demo reading
Government HQ Demo,BTU-001,2026-02-09,7517.7,gj,cooling,synthetic_generator,demo,41,Synthetic demo reading
Government HQ Demo,BTU-001,2026-02-10,7533.8,gj,cooling,synthetic_generator,demo,42,Synthetic demo reading
Government HQ Demo,BTU-001,2026-02-11,7556.9,gj,cooling,synthetic_generator,demo,43,Synthetic demo reading
Government HQ Demo,BTU-001,2026-02-12,7574.8,gj,cooling,synthetic_generator,demo,44,Synthetic demo reading
Government HQ Demo,BTU-001,2026-02-13,7607.7,gj,cooling,synthetic_generator,demo,45,Synthetic demo reading
Government HQ Demo,BTU-001,2026-02-14,7635.9,gj,cooling,synthetic_generator,demo,46,Synthetic demo reading
Government HQ Demo,BTU-001,2026-02-15,7656.0,gj,cooling,synthetic_generator,demo,47,Synthetic demo reading
Government HQ Demo,BTU-001,2026-02-16,7682.3,gj,cooling,synthetic_generator,demo,48,Synthetic demo reading
Government HQ Demo,BTU-001,2026-02-17,7710.3,gj,cooling,synthetic_generator,demo,49,Synthetic demo reading
Government HQ Demo,BTU-001,2026-02-18,7743.0,gj,cooling,synthetic_generator,demo,50,Synthetic demo reading
Government HQ Demo,BTU-001,2026-02-19,7762.3,gj,cooling,synthetic_generator,demo,51,Synthetic demo reading
Government HQ Demo,BTU-001,2026-02-20,7781.2,gj,cooling,synthetic_generator,demo,52,Synthetic demo reading
Government HQ Demo,BTU-001,2026-02-21,7812.9,gj,cooling,synthetic_generator,demo,53,Synthetic demo reading
Government HQ Demo,BTU-001,2026-02-22,7834.1,gj,cooling,synthetic_generator,demo,54,Synthetic demo reading
Government HQ Demo,BTU-001,2026-02-23,7863.2,gj,cooling,synthetic_generator,demo,55,Synthetic demo reading
Government HQ Demo,BTU-001,2026-02-24,7877.8,gj,cooling,synthetic_generator,demo,56,Synthetic demo reading
Government HQ Demo,BTU-001,2026-02-25,7907.5,gj,cooling,synthetic_generator,demo,57,Synthetic demo reading
Government HQ Demo,BTU-001,2026-02-26,7925.5,gj,cooling,synthetic_generator,demo,58,Synthetic demo reading
Government HQ Demo,BTU-001,2026-02-27,7951.0,gj,cooling,synthetic_generator,demo,59,Synthetic demo reading
Government HQ Demo,BTU-001,2026-02-28,7974.6,gj,cooling,synthetic_generator,demo,60,Synthetic demo reading
Government HQ Demo,BTU-001,2026-03-01,8007.9,gj,cooling,synthetic_generator,demo,61,Synthetic demo reading
Government HQ Demo,BTU-002,2026-01-01,1634.7,gj,cooling,synthetic_generator,demo,2,Synthetic demo reading
Government HQ Demo,BTU-002,2026-01-02,1660.4,gj,cooling,synthetic_generator,demo,3,Synthetic demo reading
Government HQ Demo,BTU-002,2026-01-03,1683.0,gj,cooling,synthetic_generator,demo,4,Synthetic demo reading
Government HQ Demo,BTU-002,2026-01-04,1711.5,gj,cooling,synthetic_generator,demo,5,Synthetic demo reading
Government HQ Demo,BTU-002,2026-01-05,1738.0,gj,cooling,synthetic_generator,demo,6,Synthetic demo reading
Government HQ Demo,BTU-002,2026-01-06,1764.5,gj,cooling,synthetic_generator,demo,7,Synthetic demo reading
Government HQ Demo,BTU-002,2026-01-07,1781.2,gj,cooling,synthetic_generator,demo,8,Synthetic demo reading
Government HQ Demo,BTU-002,2026-01-08,1803.6,gj,cooling,synthetic_generator,demo,9,Synthetic demo reading
Government HQ Demo,BTU-002,2026-01-09,1834.8,gj,cooling,synthetic_generator,demo,10,Synthetic demo reading
Government HQ Demo,BTU-002,2026-01-10,1869.1,gj,cooling,synthetic_generator,demo,11,Synthetic demo reading
Government HQ Demo,BTU-002,2026-01-11,1891.4,gj,cooling,synthetic_generator,demo,12,Synthetic demo reading
Government HQ Demo,BTU-002,2026-01-12,1914.3,gj,cooling,synthetic_generator,demo,13,Synthetic demo reading
Government HQ Demo,BTU-002,2026-01-13,1938.4,gj,cooling,synthetic_generator,demo,14,Synthetic demo reading
Government HQ Demo,BTU-002,2026-01-14,1969.4,gj,cooling,synthetic_generator,demo,15,Synthetic demo reading
Government HQ Demo,BTU-002,2026-01-15,1977.7,gj,cooling,synthetic_generator,demo,16,Synthetic demo reading
Government HQ Demo,BTU-002,2026-01-16,2009.7,gj,cooling,synthetic_generator,demo,17,Synthetic demo reading
Government HQ Demo,BTU-002,2026-01-17,2045.9,gj,cooling,synthetic_generator,demo,18,Synthetic demo reading
Government HQ Demo,BTU-002,2026-01-18,2071.5,gj,cooling,synthetic_generator,demo,19,Synthetic demo reading
Government HQ Demo,BTU-002,2026-01-19,2106.0,gj,cooling,synthetic_generator,demo,20,Synthetic demo reading
Government HQ Demo,BTU-002,2026-01-20,2127.7,gj,cooling,synthetic_generator,demo,21,Synthetic demo reading
Government HQ Demo,BTU-002,2026-01-21,2148.0,gj,cooling,synthetic_generator,demo,22,Synthetic demo reading
Government HQ Demo,BTU-002,2026-01-22,2173.8,gj,cooling,synthetic_generator,demo,23,Synthetic demo reading
Government HQ Demo,BTU-002,2026-01-23,2202.1,gj,cooling,synthetic_generator,demo,24,Synthetic demo reading
Government HQ Demo,BTU-002,2026-01-24,2225.7,gj,cooling,synthetic_generator,demo,25,Synthetic demo reading
Government HQ Demo,BTU-002,2026-01-25,2246.4,gj,cooling,synthetic_generator,demo,26,Synthetic demo reading
Government HQ Demo,BTU-002,2026-01-26,2269.0,gj,cooling,synthetic_generator,demo,27,Synthetic demo reading
Government HQ Demo,BTU-002,2026-01-27,2287.7,gj,cooling,synthetic_generator,demo,28,Synthetic demo reading
Government HQ Demo,BTU-002,2026-01-28,2317.5,gj,cooling,synthetic_generator,demo,29,Synthetic demo reading
Government HQ Demo,BTU-002,2026-01-29,2349.3,gj,cooling,synthetic_generator,demo,30,Synthetic demo reading
Government HQ Demo,BTU-002,2026-01-30,2379.2,gj,cooling,synthetic_generator,demo,31,Synthetic demo reading
Government HQ Demo,BTU-002,2026-01-31,2404.6,gj,cooling,synthetic_generator,demo,32,Synthetic demo reading
Government HQ Demo,BTU-002,2026-02-01,2439.3,gj,cooling,synthetic_generator,demo,33,Synthetic demo reading
Government HQ Demo,BTU-002,2026-02-02,2464.1,gj,cooling,synthetic_generator,demo,34,Synthetic demo reading
Government HQ Demo,BTU-002,2026-02-03,2494.4,gj,cooling,synthetic_generator,demo,35,Synthetic demo reading
Government HQ Demo,BTU-002,2026-02-04,2502.2,gj,cooling,synthetic_generator,demo,36,Synthetic demo reading
Government HQ Demo,BTU-002,2026-02-05,2536.8,gj,cooling,synthetic_generator,demo,37,Synthetic demo reading
Government HQ Demo,BTU-002,2026-02-06,2557.0,gj,cooling,synthetic_generator,demo,38,Synthetic demo reading
Government HQ Demo,BTU-002,2026-02-07,2585.4,gj,cooling,synthetic_generator,demo,39,Synthetic demo reading
Government HQ Demo,BTU-002,2026-02-08,2619.1,gj,cooling,synthetic_generator,demo,40,Synthetic demo reading
Government HQ Demo,BTU-002,2026-02-09,2646.5,gj,cooling,synthetic_generator,demo,41,Synthetic demo reading
Government HQ Demo,BTU-002,2026-02-10,2675.7,gj,cooling,synthetic_generator,demo,42,Synthetic demo reading
Government HQ Demo,BTU-002,2026-02-11,2710.4,gj,cooling,synthetic_generator,demo,43,Synthetic demo reading
Government HQ Demo,BTU-002,2026-02-12,2736.1,gj,cooling,synthetic_generator,demo,44,Synthetic demo reading
Government HQ Demo,BTU-002,2026-02-13,2745.5,gj,cooling,synthetic_generator,demo,45,Synthetic demo reading
Government HQ Demo,BTU-002,2026-02-14,2773.1,gj,cooling,synthetic_generator,demo,46,Synthetic demo reading
Government HQ Demo,BTU-002,2026-02-15,2797.8,gj,cooling,synthetic_generator,demo,47,Synthetic demo reading
Government HQ Demo,BTU-002,2026-02-16,2832.0,gj,cooling,synthetic_generator,demo,48,Synthetic demo reading
Government HQ Demo,BTU-002,2026-02-17,2860.8,gj,cooling,synthetic_generator,demo,49,Synthetic demo reading
Government HQ Demo,BTU-002,2026-02-18,2881.7,gj,cooling,synthetic_generator,demo,50,Synthetic demo reading
Government HQ Demo,BTU-002,2026-02-19,2908.0,gj,cooling,synthetic_generator,demo,51,Synthetic demo reading
Government HQ Demo,BTU-002,2026-02-20,2926.5,gj,cooling,synthetic_generator,demo,52,Synthetic demo reading
Government HQ Demo,BTU-002,2026-02-21,2949.6,gj,cooling,synthetic_generator,demo,53,Synthetic demo reading
Government HQ Demo,BTU-002,2026-02-22,2969.1,gj,cooling,synthetic_generator,demo,54,Synthetic demo reading
Government HQ Demo,BTU-002,2026-02-23,3000.3,gj,cooling,synthetic_generator,demo,55,Synthetic demo reading
Government HQ Demo,BTU-002,2026-02-24,3018.6,gj,cooling,synthetic_generator,demo,56,Synthetic demo reading
Government HQ Demo,BTU-002,2026-02-25,3044.9,gj,cooling,synthetic_generator,demo,57,Synthetic demo reading
Government HQ Demo,BTU-002,2026-02-26,3082.7,gj,cooling,synthetic_generator,demo,58,Synthetic demo reading
Government HQ Demo,BTU-002,2026-02-27,3107.1,gj,cooling,synthetic_generator,demo,59,Synthetic demo reading
Government HQ Demo,BTU-002,2026-02-28,3134.6,gj,cooling,synthetic_generator,demo,60,Synthetic demo reading
Government HQ Demo,BTU-002,2026-03-01,3167.9,gj,cooling,synthetic_generator,demo,61,Synthetic demo reading
Government HQ Demo,BTU-003,2026-01-01,6903.0,gj,cooling,synthetic_generator,demo,2,Synthetic demo reading
Government HQ Demo,BTU-003,2026-01-02,6939.9,gj,cooling,synthetic_generator,demo,3,Synthetic demo reading
Government HQ Demo,BTU-003,2026-01-03,6964.6,gj,cooling,synthetic_generator,demo,4,Synthetic demo reading
Government HQ Demo,BTU-003,2026-01-04,6994.9,gj,cooling,synthetic_generator,demo,5,Synthetic demo reading
Government HQ Demo,BTU-003,2026-01-05,7038.4,gj,cooling,synthetic_generator,demo,6,Synthetic demo reading
Government HQ Demo,BTU-003,2026-01-06,7060.1,gj,cooling,synthetic_generator,demo,7,Synthetic demo reading
Government HQ Demo,BTU-003,2026-01-07,7079.5,gj,cooling,synthetic_generator,demo,8,Synthetic demo reading
Government HQ Demo,BTU-003,2026-01-08,7092.7,gj,cooling,synthetic_generator,demo,9,Synthetic demo reading
Government HQ Demo,BTU-003,2026-01-09,7119.5,gj,cooling,synthetic_generator,demo,10,Synthetic demo reading
Government HQ Demo,BTU-003,2026-01-10,7143.4,gj,cooling,synthetic_generator,demo,11,Synthetic demo reading
Government HQ Demo,BTU-003,2026-01-11,7165.4,gj,cooling,synthetic_generator,demo,12,Synthetic demo reading
Government HQ Demo,BTU-003,2026-01-12,7200.2,gj,cooling,synthetic_generator,demo,13,Synthetic demo reading
Government HQ Demo,BTU-003,2026-01-13,7211.1,gj,cooling,synthetic_generator,demo,14,Synthetic demo reading
Government HQ Demo,BTU-003,2026-01-14,7231.2,gj,cooling,synthetic_generator,demo,15,Synthetic demo reading
Government HQ Demo,BTU-003,2026-01-15,7256.7,gj,cooling,synthetic_generator,demo,16,Synthetic demo reading
Government HQ Demo,BTU-003,2026-01-16,7274.2,gj,cooling,synthetic_generator,demo,17,Synthetic demo reading
Government HQ Demo,BTU-003,2026-01-17,7298.4,gj,cooling,synthetic_generator,demo,18,Synthetic demo reading
Government HQ Demo,BTU-003,2026-01-18,7322.8,gj,cooling,synthetic_generator,demo,19,Synthetic demo reading
Government HQ Demo,BTU-003,2026-01-19,7351.2,gj,cooling,synthetic_generator,demo,20,Synthetic demo reading
Government HQ Demo,BTU-003,2026-01-20,7366.1,gj,cooling,synthetic_generator,demo,21,Synthetic demo reading
Government HQ Demo,BTU-003,2026-01-21,7393.4,gj,cooling,synthetic_generator,demo,22,Synthetic demo reading
Government HQ Demo,BTU-003,2026-01-22,7413.7,gj,cooling,synthetic_generator,demo,23,Synthetic demo reading
Government HQ Demo,BTU-003,2026-01-23,7429.9,gj,cooling,synthetic_generator,demo,24,Synthetic demo reading
Government HQ Demo,BTU-003,2026-01-24,7460.5,gj,cooling,synthetic_generator,demo,25,Synthetic demo reading
Government HQ Demo,BTU-003,2026-01-25,7478.2,gj,cooling,synthetic_generator,demo,26,Synthetic demo reading
Government HQ Demo,BTU-003,2026-01-26,7517.5,gj,cooling,synthetic_generator,demo,27,Synthetic demo reading
Government HQ Demo,BTU-003,2026-01-27,7541.7,gj,cooling,synthetic_generator,demo,28,Synthetic demo reading
Government HQ Demo,BTU-003,2026-01-28,7558.1,gj,cooling,synthetic_generator,demo,29,Synthetic demo reading
Government HQ Demo,BTU-003,2026-01-29,7572.9,gj,cooling,synthetic_generator,demo,30,Synthetic demo reading
Government HQ Demo,BTU-003,2026-01-30,7599.8,gj,cooling,synthetic_generator,demo,31,Synthetic demo reading
Government HQ Demo,BTU-003,2026-01-31,7620.9,gj,cooling,synthetic_generator,demo,32,Synthetic demo reading
Government HQ Demo,BTU-003,2026-02-01,7640.2,gj,cooling,synthetic_generator,demo,33,Synthetic demo reading
Government HQ Demo,BTU-003,2026-02-02,7657.3,gj,cooling,synthetic_generator,demo,34,Synthetic demo reading
Government HQ Demo,BTU-003,2026-02-03,7673.1,gj,cooling,synthetic_generator,demo,35,Synthetic demo reading
Government HQ Demo,BTU-003,2026-02-04,7696.9,gj,cooling,synthetic_generator,demo,36,Synthetic demo reading
Government HQ Demo,BTU-003,2026-02-05,7723.5,gj,cooling,synthetic_generator,demo,37,Synthetic demo reading
Government HQ Demo,BTU-003,2026-02-06,7742.2,gj,cooling,synthetic_generator,demo,38,Synthetic demo reading
Government HQ Demo,BTU-003,2026-02-07,7762.4,gj,cooling,synthetic_generator,demo,39,Synthetic demo reading
Government HQ Demo,BTU-003,2026-02-08,7785.6,gj,cooling,synthetic_generator,demo,40,Synthetic demo reading
Government HQ Demo,BTU-003,2026-02-09,7816.2,gj,cooling,synthetic_generator,demo,41,Synthetic demo reading
Government HQ Demo,BTU-003,2026-02-10,7846.8,gj,cooling,synthetic_generator,demo,42,Synthetic demo reading
Government HQ Demo,BTU-003,2026-02-11,7864.4,gj,cooling,synthetic_generator,demo,43,Synthetic demo reading
Government HQ Demo,BTU-003,2026-02-12,7884.3,gj,cooling,synthetic_generator,demo,44,Synthetic demo reading
Government HQ Demo,BTU-003,2026-02-13,7905.4,gj,cooling,synthetic_generator,demo,45,Synthetic demo reading
Government HQ Demo,BTU-003,2026-02-14,7939.1,gj,cooling,synthetic_generator,demo,46,Synthetic demo reading
Government HQ Demo,BTU-003,2026-02-15,7949.3,gj,cooling,synthetic_generator,demo,47,Synthetic demo reading
Government HQ Demo,BTU-003,2026-02-16,7966.7,gj,cooling,synthetic_generator,demo,48,Synthetic demo reading
Government HQ Demo,BTU-003,2026-02-17,7988.5,gj,cooling,synthetic_generator,demo,49,Synthetic demo reading
Government HQ Demo,BTU-003,2026-02-18,8017.3,gj,cooling,synthetic_generator,demo,50,Synthetic demo reading
Government HQ Demo,BTU-003,2026-02-19,8045.6,gj,cooling,synthetic_generator,demo,51,Synthetic demo reading
Government HQ Demo,BTU-003,2026-02-20,8053.1,gj,cooling,synthetic_generator,demo,52,Synthetic demo reading
Government HQ Demo,BTU-003,2026-02-21,8078.6,gj,cooling,synthetic_generator,demo,53,Synthetic demo reading
Government HQ Demo,BTU-003,2026-02-22,8096.1,gj,cooling,synthetic_generator,demo,54,Synthetic demo reading
Government HQ Demo,BTU-003,2026-02-23,8114.9,gj,cooling,synthetic_generator,demo,55,Synthetic demo reading
Government HQ Demo,BTU-003,2026-02-24,8148.4,gj,cooling,synthetic_generator,demo,56,Synthetic demo reading
Government HQ Demo,BTU-003,2026-02-25,8183.7,gj,cooling,synthetic_generator,demo,57,Synthetic demo reading
Government HQ Demo,BTU-003,2026-02-26,8205.5,gj,cooling,synthetic_generator,demo,58,Synthetic demo reading
Government HQ Demo,BTU-003,2026-02-27,8226.5,gj,cooling,synthetic_generator,demo,59,Synthetic demo reading
Government HQ Demo,BTU-003,2026-02-28,8249.4,gj,cooling,synthetic_generator,demo,60,Synthetic demo reading
Government HQ Demo,BTU-003,2026-03-01,8272.5,gj,cooling,synthetic_generator,demo,61,Synthetic demo reading
Government HQ Demo,GM-001,2026-01-01,8285.8,litre,fuel,synthetic_generator,demo,2,Synthetic demo reading
Government HQ Demo,GM-001,2026-01-02,8297.0,litre,fuel,synthetic_generator,demo,3,Synthetic demo reading
Government HQ Demo,GM-001,2026-01-03,8307.0,litre,fuel,synthetic_generator,demo,4,Synthetic demo reading
Government HQ Demo,GM-001,2026-01-04,8322.0,litre,fuel,synthetic_generator,demo,5,Synthetic demo reading
Government HQ Demo,GM-001,2026-01-05,8338.1,litre,fuel,synthetic_generator,demo,6,Synthetic demo reading
Government HQ Demo,GM-001,2026-01-06,8351.7,litre,fuel,synthetic_generator,demo,7,Synthetic demo reading
Government HQ Demo,GM-001,2026-01-07,8362.9,litre,fuel,synthetic_generator,demo,8,Synthetic demo reading
Government HQ Demo,GM-001,2026-01-08,8376.6,litre,fuel,synthetic_generator,demo,9,Synthetic demo reading
Government HQ Demo,GM-001,2026-01-09,8393.8,litre,fuel,synthetic_generator,demo,10,Synthetic demo reading
Government HQ Demo,GM-001,2026-01-10,8409.5,litre,fuel,synthetic_generator,demo,11,Synthetic demo reading
Government HQ Demo,GM-001,2026-01-11,8424.6,litre,fuel,synthetic_generator,demo,12,Synthetic demo reading
Government HQ Demo,GM-001,2026-01-12,8432.0,litre,fuel,synthetic_generator,demo,13,Synthetic demo reading
Government HQ Demo,GM-001,2026-01-13,8445.4,litre,fuel,synthetic_generator,demo,14,Synthetic demo reading
Government HQ Demo,GM-001,2026-01-14,8453.4,litre,fuel,synthetic_generator,demo,15,Synthetic demo reading
Government HQ Demo,GM-001,2026-01-15,8464.5,litre,fuel,synthetic_generator,demo,16,Synthetic demo reading
Government HQ Demo,GM-001,2026-01-16,8480.5,litre,fuel,synthetic_generator,demo,17,Synthetic demo reading
Government HQ Demo,GM-001,2026-01-17,8492.6,litre,fuel,synthetic_generator,demo,18,Synthetic demo reading
Government HQ Demo,GM-001,2026-01-18,8507.5,litre,fuel,synthetic_generator,demo,19,Synthetic demo reading
Government HQ Demo,GM-001,2026-01-19,8517.5,litre,fuel,synthetic_generator,demo,20,Synthetic demo reading
Government HQ Demo,GM-001,2026-01-20,8527.4,litre,fuel,synthetic_generator,demo,21,Synthetic demo reading
Government HQ Demo,GM-001,2026-01-21,8540.5,litre,fuel,synthetic_generator,demo,22,Synthetic demo reading
Government HQ Demo,GM-001,2026-01-22,8550.1,litre,fuel,synthetic_generator,demo,23,Synthetic demo reading
Government HQ Demo,GM-001,2026-01-23,8564.5,litre,fuel,synthetic_generator,demo,24,Synthetic demo reading
Government HQ Demo,GM-001,2026-01-24,8581.4,litre,fuel,synthetic_generator,demo,25,Synthetic demo reading
Government HQ Demo,GM-001,2026-01-25,8591.5,litre,fuel,synthetic_generator,demo,26,Synthetic demo reading
Government HQ Demo,GM-001,2026-01-26,8602.4,litre,fuel,synthetic_generator,demo,27,Synthetic demo reading
Government HQ Demo,GM-001,2026-01-27,8616.5,litre,fuel,synthetic_generator,demo,28,Synthetic demo reading
Government HQ Demo,GM-001,2026-01-28,8628.1,litre,fuel,synthetic_generator,demo,29,Synthetic demo reading
Government HQ Demo,GM-001,2026-01-29,8640.3,litre,fuel,synthetic_generator,demo,30,Synthetic demo reading
Government HQ Demo,GM-001,2026-01-30,8644.9,litre,fuel,synthetic_generator,demo,31,Synthetic demo reading
Government HQ Demo,GM-001,2026-01-31,8661.8,litre,fuel,synthetic_generator,demo,32,Synthetic demo reading
Government HQ Demo,GM-001,2026-02-01,8673.9,litre,fuel,synthetic_generator,demo,33,Synthetic demo reading
Government HQ Demo,GM-001,2026-02-02,8687.4,litre,fuel,synthetic_generator,demo,34,Synthetic demo reading
Government HQ Demo,GM-001,2026-02-03,8702.8,litre,fuel,synthetic_generator,demo,35,Synthetic demo reading
Government HQ Demo,GM-001,2026-02-04,8708.9,litre,fuel,synthetic_generator,demo,36,Synthetic demo reading
Government HQ Demo,GM-001,2026-02-05,8716.8,litre,fuel,synthetic_generator,demo,37,Synthetic demo reading
Government HQ Demo,GM-001,2026-02-06,8725.6,litre,fuel,synthetic_generator,demo,38,Synthetic demo reading
Government HQ Demo,GM-001,2026-02-07,8731.3,litre,fuel,synthetic_generator,demo,39,Synthetic demo reading
Government HQ Demo,GM-001,2026-02-08,8743.9,litre,fuel,synthetic_generator,demo,40,Synthetic demo reading
Government HQ Demo,GM-001,2026-02-09,8757.6,litre,fuel,synthetic_generator,demo,41,Synthetic demo reading
Government HQ Demo,GM-001,2026-02-10,8767.4,litre,fuel,synthetic_generator,demo,42,Synthetic demo reading
Government HQ Demo,GM-001,2026-02-11,8783.6,litre,fuel,synthetic_generator,demo,43,Synthetic demo reading
Government HQ Demo,GM-001,2026-02-12,8799.9,litre,fuel,synthetic_generator,demo,44,Synthetic demo reading
Government HQ Demo,GM-001,2026-02-13,8812.8,litre,fuel,synthetic_generator,demo,45,Synthetic demo reading
Government HQ Demo,GM-001,2026-02-14,8828.3,litre,fuel,synthetic_generator,demo,46,Synthetic demo reading
Government HQ Demo,GM-001,2026-02-15,8836.2,litre,fuel,synthetic_generator,demo,47,Synthetic demo reading
Government HQ Demo,GM-001,2026-02-16,8845.2,litre,fuel,synthetic_generator,demo,48,Synthetic demo reading
Government HQ Demo,GM-001,2026-02-17,8860.9,litre,fuel,synthetic_generator,demo,49,Synthetic demo reading
Government HQ Demo,GM-001,2026-02-18,8873.2,litre,fuel,synthetic_generator,demo,50,Synthetic demo reading
Government HQ Demo,GM-001,2026-02-19,8879.5,litre,fuel,synthetic_generator,demo,51,Synthetic demo reading
Government HQ Demo,GM-001,2026-02-20,8892.0,litre,fuel,synthetic_generator,demo,52,Synthetic demo reading
Government HQ Demo,GM-001,2026-02-21,8913.1,litre,fuel,synthetic_generator,demo,53,Synthetic demo reading
Government HQ Demo,GM-001,2026-02-22,8919.4,litre,fuel,synthetic_generator,demo,54,Synthetic demo reading
Government HQ Demo,GM-001,2026-02-23,8921.3,litre,fuel,synthetic_generator,demo,55,Synthetic demo reading
Government HQ Demo,GM-001,2026-02-24,8938.1,litre,fuel,synthetic_generator,demo,56,Synthetic demo reading
Government HQ Demo,GM-001,2026-02-25,8951.5,litre,fuel,synthetic_generator,demo,57,Synthetic demo reading
Government HQ Demo,GM-001,2026-02-26,8963.4,litre,fuel,synthetic_generator,demo,58,Synthetic demo reading
Government HQ Demo,GM-001,2026-02-27,8979.9,litre,fuel,synthetic_generator,demo,59,Synthetic demo reading
Government HQ Demo,GM-001,2026-02-28,8989.0,litre,fuel,synthetic_generator,demo,60,Synthetic demo reading
Government HQ Demo,GM-001,2026-03-01,8995.9,litre,fuel,synthetic_generator,demo,61,Synthetic demo reading
